date,code,name,open,high,low,close,changepct,volume,avg,avg01,avg12,avg012,avg123
20260320,TSE.TW,加權指數,33719.85,33989.18,33379.24,33543.88,1.57,1.07956E+12,33650,33754,34093,33935,34008
20260319,TSE.TW,加權指數,34279.12,34279.12,33663.78,33689.68,1.54,1.00148E+12,33872,34093,34077,34008,33894
20260318,TSE.TW,加權指數,33816.15,34423.66,33013.46,34348.58,1.51,9.23401E+11,34306.48,34076.94,33655.87,33893.98,33556.02
20260317,TSE.TW,加權指數,33128.49,34218.66,33013.46,33836.57,1.48,8.45319E+11,33826.2,33655.87,33404.39,33556.02,33509.8
20260316,TSE.TW,加權指數,32692.37,34218.66,32455.2,33342.51,-0.17,7.54337E+11,33464.99,33404.39,33531.82,33509.8,33607.41
20260313,TSE.TW,加權指數,32354.61,34218.66,31529.36,33400.32,-0.54,7.51926E+11,33343.59,33531.82,33741.79,33607.41,33479.15
20260312,TSE.TW,加權指數,33483.94,34218.66,31529.36,33581.86,-1.56,7.83266E+11,33712.52,33741.79,33350.48,33479.15,32784.08
20260311,TSE.TW,加權指數,33620.74,34319.68,31529.36,34114.19,4.1,6.92847E+11,33774.89,33350.48,32353.8,32784.08,32708.63
20260310,TSE.TW,加權指數,34228.75,34319.68,31529.36,32771.87,2.06,7.27682E+11,32946.38,32353.8,32595.01,32708.63,33025
20260309,TSE.TW,加權指數,35106.22,35264.59,31529.36,32110.42,-4.43,8.67741E+11,31856.87,32595.01,33725.17,33025,33496.26
20260306,TSE.TW,加權指數,35277.48,35345.72,32828.88,33599.54,-0.22,6.54852E+11,33573.11,33725.17,33469.66,33496.26,33938.66
20260305,TSE.TW,加權指數,35457.76,35579.34,32828.88,33672.94,2.57,7.92843E+11,33850.77,33469.66,33970.18,33938.66,34337.74
20260304,TSE.TW,加權指數,34753.31,35579.34,32828.88,32828.88,-4.35,1.09854E+12,33194.6,33970.18,34928.63,34337.74,35101.05
20260303,TSE.TW,加權指數,34020.71,35579.34,33987.51,34323.65,-2.2,1.1121E+12,34736.29,34928.63,35283.8,35101.05,35266.1
20260302,TSE.TW,加權指數,33663.02,35579.34,33663.02,35095.09,-0.9,1.01317E+12,35139.74,35283.8,35323.59,35266.1,35072.58
20260226,TSE.TW,加權指數,33086.15,35579.34,33071.67,35414.49,0,1.20663E+12,35404.76,35323.59,34859.51,35072.58,34560.76
20260225,TSE.TW,加權指數,32439.71,35521.54,32439.71,35413.07,2.05,1.02E+12,35227.57,34859.51,34185.08,34560.76,33982.4
20260224,TSE.TW,加權指數,31956.21,34786.42,31956.21,34700.82,2.75,8.61203E+11,34423.59,34185.08,33751.81,33982.4,33513.16
20260223,TSE.TW,加權指數,31746.44,34212.38,31164.28,33773.26,0.5,9.49189E+11,33968.67,33751.81,33199,33513.16,32978.47
20260211,TSE.TW,加權指數,32241.64,33707.83,31164.28,33605.71,1.61,6.98604E+11,33457.17,33199,32727.18,32978.47,32319.85
20260210,TSE.TW,加權指數,32196.57,33072.97,31164.28,33072.97,2.06,6.77629E+11,32932.84,32727.18,32012.82,32319.85,31987.57
20260209,TSE.TW,加權指數,31737.66,32666.05,31164.28,32404.62,1.96,6.53187E+11,32513.82,32012.82,31744.53,31987.57,31893.22
20260206,TSE.TW,加權指數,32008.46,32380,31164.28,31782.92,-0.06,6.99661E+11,31545.09,31744.53,32064.89,31893.22,32083.31
20260205,TSE.TW,加權指數,32555.52,32555.52,31359.95,31801.27,-1.51,7.14636E+11,31939.79,32064.89,32150.55,32083.31,31958.6
20260204,TSE.TW,加權指數,32828.02,32996.03,31359.95,32289.81,0.29,7.04188E+11,32191.84,32150.55,31855.44,31958.6,31982.61
20260203,TSE.TW,加權指數,32381.76,32996.03,31359.95,32195.36,1.81,8.21246E+11,32115.14,31855.44,31919.01,31982.61,32193.86
20260202,TSE.TW,加權指數,32095.08,32996.03,31359.95,31624.03,-1.37,7.70729E+11,31578.71,31919.01,32443.45,32193.86,32501.05
20260130,TSE.TW,加權指數,32002.56,32996.03,31989.86,32063.75,-1.45,9.40693E+11,32197.82,32443.45,32658.48,32501.05,32535.05
20260129,TSE.TW,加權指數,31788.77,32996.03,31693.15,32536.27,-0.82,9.58876E+11,32684.42,32658.48,32449.29,32535.05,32342.72
20260128,TSE.TW,加權指數,31371.13,32803.82,31371.13,32803.82,1.5,8.52991E+11,32629.33,32449.29,32186.37,32342.72,32090.07
20260127,TSE.TW,加權指數,31749.14,32428.17,31200.76,32317.92,0.79,8.16914E+11,32261.29,32186.37,32000.67,32090.07,31924.51
20260126,TSE.TW,加權指數,31584.34,32196.75,31200.76,32064.52,0.32,7.46734E+11,32104.4,32000.67,31842.21,31924.51,31704.22
20260123,TSE.TW,加權指數,31336.77,32042.44,31200.76,31961.51,0.68,8.17968E+11,31905.98,31842.21,31607.86,31704.22,31605.86
20260122,TSE.TW,加權指數,30844.63,31890.62,30844.63,31746.08,1.6,8.14112E+11,31778.13,31607.86,31523.23,31605.86,31511.65
20260121,TSE.TW,加權指數,30746.98,31827.39,30663.87,31246.37,-1.62,8.98426E+11,31453.56,31523.23,31543.83,31511.65,31452.86
20260120,TSE.TW,加權指數,30742.53,31827.39,30663.87,31759.99,0.38,7.98978E+11,31601.57,31543.83,31381.88,31452.86,31207.08
20260119,TSE.TW,加權指數,30630.86,31827.39,30529.33,31639.29,0.73,8.22859E+11,31487.77,31381.88,31055.38,31207.08,31001.44
20260116,TSE.TW,加權指數,30472.7,31475.22,30472.7,31408.7,1.94,8.5102E+11,31279.5,31055.38,30826.5,31001.44,30801.26
20260115,TSE.TW,加權指數,30370.45,30994.81,29925.49,30810.58,-0.42,6.71452E+11,30771.32,30826.5,30815.32,30801.26,30748.93
20260114,TSE.TW,加權指數,30330.58,30994.81,29925.49,30941.78,0.76,6.81203E+11,30880.89,30815.32,30683.51,30748.93,30541.67
20260113,TSE.TW,加權指數,30412.32,30973.85,29925.49,30707.22,0.46,7.48196E+11,30755.62,30683.51,30421.28,30541.67,30420.09
20260112,TSE.TW,加權指數,29933.65,30681.99,29925.49,30567.29,0.92,6.25808E+11,30597.29,30421.28,30344.28,30420.09,30378.12
20260109,TSE.TW,加權指數,29779.7,30593.49,29779.7,30288.96,-0.24,7.03837E+11,30264.79,30344.28,30426.75,30378.12,30377.18
20260108,TSE.TW,加權指數,29016.68,30593.49,29007.75,30360.55,-0.25,7.58973E+11,30418,30426.75,30358.34,30377.18,30264.49
20260107,TSE.TW,加權指數,28723.49,30576.3,28687.9,30435.47,-0.46,8.8133E+11,30434.28,30358.34,30168.77,30264.49,29878.51
20260106,TSE.TW,加權指數,28723.82,30576.3,28553.64,30576.3,1.57,7.62948E+11,30270.62,30168.77,29674.95,29878.51,29464.55
20260105,TSE.TW,加權指數,28662.79,30339.32,28553.64,30105.04,2.57,8.00376E+11,30071.69,29674.95,29065.35,29464.55,28961.37
20260102,TSE.TW,加權指數,28443.48,29363.43,28404.34,29349.81,1.33,6.69342E+11,29200.55,29065.35,28803.99,28961.37,28782.64
20251231,TSE.TW,加權指數,28383.61,29009.81,28280.59,28963.6,0.89,5.47918E+11,28900.18,28803.99,28713.97,28782.64,28648.5
20251230,TSE.TW,加權指數,28253.14,28841.64,28212.84,28707.13,-0.36,4.69255E+11,28691.67,28713.97,28626.29,28648.5,28546.08
20251229,TSE.TW,加權指數,27986.66,28841.64,27986.66,28810.89,0.89,4.6864E+11,28736.3,28626.29,28445.04,28546.08,28392.36
20251226,TSE.TW,加權指數,27685.74,28590.91,27672.05,28556.02,0.65,4.43485E+11,28510.05,28445.04,28332.4,28392.36,28248.93
20251224,TSE.TW,加權指數,27447.45,28486.38,27350.77,28371.98,0.22,4.38772E+11,28379.33,28332.4,28187.79,28248.93,28025.59
20251223,TSE.TW,加權指數,27596.18,28350.37,27350.77,28310.47,0.57,4.31648E+11,28284.69,28187.79,27921.31,28025.59,27777.24
20251222,TSE.TW,加權指數,27721.1,28168.75,27350.77,28149.64,1.64,5.04251E+11,28104.84,27921.31,27616.56,27777.24,27627.09
20251219,TSE.TW,加權指數,28119.79,28119.79,27350.77,27696.35,0.83,5.68198E+11,27758.43,27616.56,27551.3,27627.09,27553.86
20251218,TSE.TW,加權指數,28097.54,28272.06,27350.77,27468.53,-0.21,4.59891E+11,27441.28,27551.3,27602.17,27553.86,27677.86
20251217,TSE.TW,加權指數,28385.23,28568.02,27355.67,27525.17,-0.04,5.24683E+11,27647.73,27602.17,27693.69,27677.86,27852.21
20251216,TSE.TW,加權指數,28190.76,28568.02,27355.67,27536.66,-1.19,5.46971E+11,27558.47,27693.69,28023.15,27852.21,28108.23
20251215,TSE.TW,加權指數,28364.04,28568.02,27684.87,27866.94,-1.17,4.51532E+11,27857.48,28023.15,28218.67,28108.23,28253.67
20251212,TSE.TW,加權指數,28034,28568.02,27984.19,28198.02,0.62,4.88362E+11,28176.33,28218.67,28289.79,28253.67,28274.95
20251211,TSE.TW,加權指數,27796.43,28568.02,27738.5,28024.75,-1.32,5.36903E+11,28257.18,28289.79,28284.19,28274.95,28248.5
20251210,TSE.TW,加權指數,27773.42,28417.09,27636.63,28400.73,0.77,5.08828E+11,28324.19,28284.19,28208.48,28248.5,28091.68
20251209,TSE.TW,加權指數,27605.63,28390.24,27605.63,28182.6,-0.43,5.24248E+11,28245.36,28208.48,28001.66,28091.68,27931.72
20251208,TSE.TW,加權指數,27550.35,28303.78,27477.1,28303.78,1.15,4.37988E+11,28164.33,28001.66,27812.54,27931.72,27794.01
20251205,TSE.TW,加權指數,27674.16,27980.89,27342.53,27980.89,0.67,4.57045E+11,27845.78,27812.54,27766.34,27794.01,27711.78
20251204,TSE.TW,加權指數,27566.12,27880.23,27342.53,27795.71,0.01,3.97804E+11,27774.34,27766.34,27685.4,27711.78,27626.95
20251203,TSE.TW,加權指數,27517.24,27847.67,27342.53,27793.04,0.83,4.57133E+11,27759.38,27685.4,27565.15,27626.95,27601.61
20251202,TSE.TW,加權指數,27063.17,27796.9,27063.17,27564.27,0.81,4.86331E+11,27615.87,27565.15,27594.56,27601.61,27585.99
20251201,TSE.TW,加權指數,26995.9,27796.9,26793.71,27342.53,-1.03,4.93283E+11,27515.14,27594.56,27621.09,27585.99,27505.58
20251128,TSE.TW,加權指數,26596.03,27796.9,26482.33,27626.48,0.26,4.89411E+11,27674.6,27621.09,27425.23,27505.58,27266.63
20251127,TSE.TW,加權指數,26821.97,27659.06,26395.98,27554.53,0.53,5.06274E+11,27569.37,27425.23,27115.47,27266.63,26881.48
20251126,TSE.TW,加權指數,27212.91,27493.63,26395.98,27409.54,1.85,5.23329E+11,27285.79,27115.47,26710.79,26881.48,26669.92
20251125,TSE.TW,加權指數,26708.28,27493.63,26395.98,26912.17,1.54,4.90579E+11,26933.77,26710.79,26572.64,26669.92,26821.82
20251124,TSE.TW,加權指數,27310.4,27493.63,26395.98,26504.24,0.26,7.49029E+11,26564.75,26572.64,26985.84,26821.82,26904.53
20251121,TSE.TW,加權指數,27600.74,27723.77,26395.98,26434.94,-3.61,5.8171E+11,26582.81,26985.84,27073.41,26904.53,27046.84
20251120,TSE.TW,加權指數,27816.45,27816.45,26580.12,27426.36,3.18,5.92229E+11,27381.71,27073.41,26879.97,27046.84,27098.21
20251119,TSE.TW,加權指數,27867.59,28038.24,26580.12,26580.12,-0.66,5.15972E+11,26719.55,26879.97,27258.36,27098.21,27335.86
20251118,TSE.TW,加權指數,27853.47,28071.76,26756.12,26756.12,-2.52,6.72449E+11,27003.06,27258.36,27528.49,27335.86,27679.72
20251117,TSE.TW,加權指數,28031.54,28187.7,27383.34,27447.31,0.18,5.47484E+11,27571.93,27528.49,27725.53,27679.72,27793.44
20251114,TSE.TW,加權指數,27805.47,28187.7,27383.34,27397.5,-1.81,6.14268E+11,27489.77,27725.53,27942.71,27793.44,27970.41
20251113,TSE.TW,加權指數,27818.54,28187.7,27621.48,27903.56,-0.16,6.7388E+11,27940.43,27942.71,27987.82,27970.41,27939.99
20251112,TSE.TW,加權指數,27906.44,28187.7,27621.48,27947.09,0.58,5.75803E+11,27945.38,27987.82,27937.14,27939.99,27869.57
20251111,TSE.TW,加權指數,27785.91,28187.7,27373.05,27784.95,-0.3,5.84179E+11,28029.66,27937.14,27775.16,27869.57,27841.41
20251110,TSE.TW,加權指數,28364.76,28554.61,27373.05,27869.51,0.79,5.0399E+11,27829.91,27775.16,27847.21,27841.41,27762.99
20251107,TSE.TW,加權指數,28253.53,28554.61,27373.05,27651.41,-0.89,4.86583E+11,27718.45,27847.21,27782.11,27762.99,27961.59
20251106,TSE.TW,加權指數,28280.47,28554.61,27373.05,27899.45,0.66,5.14158E+11,27969.06,27782.11,27958.45,27961.59,28075.61
20251105,TSE.TW,加權指數,28350.24,28554.61,27373.05,27717.06,-1.42,6.19178E+11,27626.87,27958.45,28310.02,28075.61,28335.88
20251104,TSE.TW,加權指數,28157.91,28554.61,28033.62,28116.56,-0.77,6.0407E+11,28298.32,28310.02,28355.49,28335.88,28350.99
20251103,TSE.TW,加權指數,28041.01,28527.68,27885.62,28334.59,0.36,5.81277E+11,28322.18,28355.49,28364.83,28350.99,28334.41
20251031,TSE.TW,加權指數,28029.88,28527.68,27885.62,28233.35,-0.19,5.75975E+11,28389.1,28364.83,28308.75,28334.41,28212.61
20251030,TSE.TW,加權指數,27457.07,28527.68,27371.67,28287.53,-0.03,6.33313E+11,28342.76,28308.75,28140.9,28212.61,28117.21
20251029,TSE.TW,加權指數,27614.11,28395.31,27371.67,28294.74,1.24,5.94014E+11,28272.49,28140.9,28034.81,28117.21,27883.6
20251028,TSE.TW,加權指數,27742.55,28196.33,27371.67,27949.11,-0.16,5.55485E+11,28000.19,28034.81,27818.72,27883.6,27753.97
20251027,TSE.TW,加權指數,27480.44,28196.33,27371.67,27993.63,1.68,5.63982E+11,28068.91,27818.72,27556,27753.97,27675.69
20251023,TSE.TW,加權指數,27399.91,27969.05,27302.37,27532.26,-0.42,4.34334E+11,27493.86,27556,27755.34,27675.69,27720.65
20251022,TSE.TW,加權指數,27337.32,27969.05,27302.37,27648.91,-0.37,4.62884E+11,27614.31,27755.34,27768.56,27720.65,27646.28
20251021,TSE.TW,加權指數,26911.05,27969.05,26773.15,27752.41,0.23,5.28628E+11,27878.83,27768.56,27529.76,27646.28,27540.93
20251020,TSE.TW,加權指數,27282.1,27768.27,26764.06,27688.63,1.41,4.9878E+11,27651.7,27529.76,27491.67,27540.93,27349.92
20251017,TSE.TW,加權指數,26762.6,27732.78,26470.44,27302.37,-1.25,5.56271E+11,27420.42,27491.67,27313.81,27349.92,27267.1
20251016,TSE.TW,加權指數,27301.61,27732.78,26470.44,27647.87,1.36,5.65262E+11,27561.78,27313.81,27131.64,27267.1,27014.72
20251015,TSE.TW,加權指數,26999.82,27507.16,26470.44,27275.71,1.8,5.21042E+11,27044.8,27131.64,27002.82,27014.72,27111.58
20251014,TSE.TW,加權指數,27029.28,27507.16,26470.44,26793.15,-0.48,7.08591E+11,27195.5,27002.82,27061.63,27111.58,27044.8
20251013,TSE.TW,加權指數,26435.1,27463.12,26410.03,26923.42,-1.39,6.08117E+11,26778.3,27061.63,27198.64,27044.8,27192.96
20251009,TSE.TW,加權指數,26392.31,27463.12,26330.25,27301.92,0.88,5.82416E+11,27357.47,27198.64,27101.41,27192.96,26940.83
20251008,TSE.TW,加權指數,26078.29,27301.42,25982.91,27063.68,-0.54,4.71069E+11,27002.27,27101.41,26913.41,26940.83,26750.3
20251007,TSE.TW,加權指數,25738.31,27301.42,25738.31,27211.95,1.68,5.75488E+11,27182.57,26913.41,26498.1,26750.3,26379.02
20251003,TSE.TW,加權指數,25998.28,26761.06,25469.04,26761.06,1.45,4.79895E+11,26590.64,26498.1,26274.89,26379.02,26149.63
20251002,TSE.TW,加權指數,26067.97,26489.79,25469.04,26378.39,1.52,5.06508E+11,26410.43,26274.89,26006.65,26149.63,25876.42
20251001,TSE.TW,加權指數,26389.16,26394.03,25469.04,25982.91,0.63,4.68705E+11,26128.41,26006.65,25752.74,25876.42,25882.24
20250930,TSE.TW,加權指數,26121,26394.03,25469.04,25820.54,0.94,4.55164E+11,25881.27,25752.74,25882.68,25882.24,25985.15
20250926,TSE.TW,加權指數,25599.6,26394.03,25469.04,25580.32,-1.7,4.99747E+11,25635.67,25882.68,26156.72,25985.15,26162.84
20250925,TSE.TW,加權指數,25794.66,26394.03,25578.37,26023.85,-0.66,5.03037E+11,26128.08,26156.72,26179.31,26162.84,26051.09
20250924,TSE.TW,加權指數,25543.17,26394.03,25475.25,26196.73,-0.19,5.14958E+11,26184.7,26179.31,25984.19,26051.09,25877.23
20250923,TSE.TW,加權指數,25543.91,26307.3,25422.96,26247.37,1.42,5.46726E+11,26174.23,25984.19,25729.76,25877.23,25697.88
20250922,TSE.TW,加權指數,25335.46,25887.69,25335.46,25880.6,1.18,4.81748E+11,25768.51,25729.76,25666.56,25697.88,25621.35
20250919,TSE.TW,加權指數,25494.1,25864.01,25284.17,25578.37,-0.74,6.19313E+11,25699.61,25666.56,25567.87,25621.35,25573.25
20250918,TSE.TW,加權指數,25349.7,25769.36,25284.17,25769.36,1.3,4.67114E+11,25622.73,25567.87,25547.41,25573.25,25498.22
20250917,TSE.TW,加權指數,25509.3,25664.81,25174.13,25438.25,-0.75,4.39338E+11,25509.55,25547.41,25492.45,25498.22,25468.6
20250916,TSE.TW,加權指數,25032.88,25664.81,25032.88,25629.64,1.07,4.54838E+11,25583.97,25492.45,25410.44,25468.6,25406.5
20250915,TSE.TW,加權指數,24650.46,25541.44,24650.46,25357.16,-0.46,4.07564E+11,25390.31,25410.44,25412.48,25406.5,25328.37
20250912,TSE.TW,加權指數,24610.85,25541.44,24547.38,25474.64,1.03,4.94685E+11,25427.03,25412.48,25285.88,25328.37,25133.51
20250911,TSE.TW,加權指數,24244.26,25541.44,24244.26,25215.71,0.09,6.0905E+11,25400.66,25285.88,24978.78,25133.51,24875.59
20250910,TSE.TW,加權指數,24235.27,25272.23,24168.16,25192.59,1.36,5.3976E+11,25156.37,24978.78,24716.78,24875.59,24624.61
20250909,TSE.TW,加權指數,24036.88,24880.07,23925.49,24855.18,1.25,5.11809E+11,24791.49,24716.78,24526.28,24624.61,24443.17
20250908,TSE.TW,加權指數,24113.9,24729.96,23890.33,24547.38,0.22,4.42549E+11,24630.38,24526.28,24348.63,24443.17,24259.37
20250905,TSE.TW,加權指數,24143.37,24494.58,23885.41,24494.58,1.3,4.26138E+11,24418.18,24348.63,24177.33,24259.37,24150.25
20250904,TSE.TW,加權指數,24438.03,24570.15,23885.41,24179.85,0.33,4.50146E+11,24282.78,24177.33,24075.15,24150.25,24084.13
20250903,TSE.TW,加權指數,24468.12,24570.15,23885.41,24100.3,0.35,3.74719E+11,24050.66,24075.15,24097.45,24084.13,24197.3
20250902,TSE.TW,加權指數,24449.81,24570.15,23885.41,24016.78,-0.23,4.19583E+11,24097.02,24097.45,24239.37,24197.3,24291.77
20250901,TSE.TW,加權指數,24237.36,24570.15,23885.41,24071.73,-0.67,5.22219E+11,24097.79,24239.37,24401.07,24291.77,24428.63
20250829,TSE.TW,加權指數,24108.81,24570.15,24108.75,24233.1,-0.01,4.78043E+11,24394.03,24401.07,24446.7,24428.63,24374.98
20250828,TSE.TW,加權指數,24033.02,24539.88,23764.47,24236.45,-1.16,4.48777E+11,24408.57,24446.7,24359.87,24374.98,24329.3
20250827,TSE.TW,加權指數,23739.83,24539.88,23739.83,24519.9,0.88,4.6683E+11,24483.35,24359.87,24254.58,24329.3,24157.88
20250826,TSE.TW,加權指數,24309.27,24382.42,23620.24,24305.1,0.11,5.31357E+11,24251.39,24254.58,24095.79,24157.88,24033.06
20250825,TSE.TW,加權指數,24493.92,24551.42,23620.24,24277.38,2.16,4.31023E+11,24258.51,24095.79,23909.95,24033.06,23885.12
20250822,TSE.TW,加權指數,24272.55,24551.42,23620.24,23764.47,-0.82,3.69156E+11,23905.79,23909.95,23877.43,23885.12,24051.84
20250821,TSE.TW,加權指數,24266.23,24551.42,23620.24,23962.13,1.43,4.2018E+11,23913.6,23877.43,24107.21,24051.84,
20250820,TSE.TW,加權指數,24258.5,24551.42,23620.24,23625.44,-2.99,5.71774E+11,23850.85,24107.21,,,
20250819,TSE.TW,加權指數,24232.04,24551.42,24164.43,24353.5,-0.53,4.7735E+11,24414.27,,,,
