幣別,台幣,日幣,人民幣,港幣,韓幣,泰銖,新加坡幣,澳幣,歐元
日期,NTBD,JPYD,PGDD,HKDD,KRDD,TBDD,SGDD,AUDD,XEUD
2004/02/01 00:00,33.35,109.29,8.28,7.78,1176,39.27,1.7,0.77,1.24
2004/03/01 00:00,33.01,103.95,8.28,7.79,1146.2,39.26,1.67,0.76,1.23
2004/04/01 00:00,33.17,110.34,8.28,7.8,1173.1,40.02,1.7,0.72,1.2
2004/05/01 00:00,33.39,109.49,8.28,7.79,1160,40.5,1.7,0.71,1.22
2004/06/01 00:00,33.75,109.29,8.28,7.8,1155.3,40.9,1.72,0.69,1.22
2004/07/01 00:00,34.13,111.39,8.28,7.8,1170,41.31,1.72,0.7,1.2
2004/08/01 00:00,34,109,8.28,7.8,1151.7,41.61,1.71,0.71,1.22
2004/09/01 00:00,33.98,110.17,8.28,7.8,1151.8,41.45,1.68,0.72,1.24
2004/10/01 00:00,33.42,106,8.28,7.78,1119.3,41.03,1.66,0.75,1.27
2004/11/01 00:00,32.18,102.77,8.28,7.78,1048,39.41,1.64,0.78,1.33
2004/12/01 00:00,31.92,102.35,8.28,7.77,1035.1,38.83,1.63,0.78,1.36
2005/01/01 00:00,31.75,103.45,8.28,7.8,1027,38.55,1.64,0.77,1.3
2005/02/01 00:00,31.16,104.24,8.28,7.8,1006,38.26,1.62,0.79,1.33
2005/03/01 00:00,31.51,107.15,8.28,7.8,1015,39.13,1.65,0.77,1.3
2005/04/01 00:00,31.26,104.63,8.28,7.79,997,39.42,1.63,0.78,1.29
2005/05/01 00:00,31.35,107.98,8.28,7.78,1005,40.56,1.66,0.76,1.23
2005/06/01 00:00,31.61,110.89,8.28,7.77,1033,41.33,1.69,0.76,1.21
2005/07/01 00:00,31.92,112.26,8.11,7.77,1023,41.65,1.66,0.76,1.21
2005/08/01 00:00,32.75,110.87,8.1,7.77,1040,41.28,1.68,0.75,1.23
2005/09/01 00:00,33.19,113.28,8.09,7.76,1042.4,41.03,1.69,0.76,1.21
2005/10/01 00:00,33.55,116.4,8.08,7.75,1040.1,40.77,1.69,0.75,1.2
2005/11/01 00:00,33.54,119.81,8.08,7.75,1041.1,41.25,1.69,0.73,1.17
2005/12/01 00:00,32.8,118,8.07,7.75,1003.5,40.95,1.66,0.73,1.18
2006/01/01 00:00,31.98,117.07,8.06,7.76,964,38.88,1.62,0.76,1.21
2006/02/01 00:00,32.46,115.78,8.04,7.76,970,39.17,1.62,0.74,1.19
2006/03/01 00:00,32.46,117.74,8.02,7.76,971.2,38.85,1.62,0.71,1.21
2006/04/01 00:00,31.89,113.78,8.01,7.75,942.8,37.51,1.58,0.76,1.26
2006/05/01 00:00,32.01,112.26,8.02,7.76,945.3,38.07,1.58,0.75,1.28
2006/06/01 00:00,32.35,114.51,7.99,7.77,948.4,38.15,1.58,0.74,1.28
2006/07/01 00:00,32.75,114.44,7.97,7.77,954.7,37.83,1.58,0.77,1.28
2006/08/01 00:00,32.9,117.36,7.95,7.78,960.9,37.58,1.57,0.76,1.28
2006/09/01 00:00,33.1,117.98,7.91,7.79,945.8,37.56,1.59,0.75,1.27
2006/10/01 00:00,33.26,117.15,7.88,7.78,941.8,36.7,1.56,0.77,1.28
2006/11/01 00:00,32.42,115.64,7.83,7.78,929,35.86,1.54,0.79,1.33
2006/12/01 00:00,32.6,119.12,7.81,7.78,929.5,36.1,1.53,0.79,1.32
2007/01/01 00:00,32.94,120.93,7.77,7.81,940.9,34.66,1.54,0.77,1.3
2007/02/01 00:00,32.95,118.5,7.74,7.81,941.4,33.8,1.53,0.79,1.32
2007/03/01 00:00,33.09,117.53,7.73,7.81,940.5,34.97,1.52,0.81,1.34
2007/04/01 00:00,33.28,119.42,7.71,7.82,930.5,34.75,1.52,0.83,1.37
2007/05/01 00:00,33.02,121.76,7.65,7.81,927.5,32.98,1.53,0.83,1.35
2007/06/01 00:00,32.74,123.38,7.61,7.82,923.5,34.51,1.53,0.85,1.35
2007/07/01 00:00,32.81,119.13,7.57,7.83,919,33.76,1.52,0.86,1.37
2007/08/01 00:00,33,115.82,7.54,7.8,938,34.3,1.52,0.82,1.36
2007/09/01 00:00,32.67,114.95,7.5,7.77,914.8,34.27,1.48,0.89,1.42
2007/10/01 00:00,32.39,115.28,7.47,7.75,900.3,33.96,1.45,0.93,1.45
2007/11/01 00:00,32.26,111.07,7.4,7.79,921,33.84,1.45,0.89,1.47
2007/12/01 00:00,32.43,111.78,7.3,7.8,935.7,33.65,1.44,0.88,1.46
2008/01/01 00:00,32.15,106.26,7.18,7.8,943.5,33,1.42,0.89,1.48
2008/02/01 00:00,30.92,103.98,7.11,7.78,939.4,30.8,1.39,0.93,1.52
2008/03/01 00:00,30.37,99.7,7.01,7.78,990,31.43,1.38,0.91,1.58
2008/04/01 00:00,30.45,103.84,6.99,7.79,1002.2,31.73,1.36,0.93,1.56
2008/05/01 00:00,30.39,105.31,6.94,7.8,1029.9,32.45,1.36,0.96,1.55
2008/06/01 00:00,30.35,105.85,6.85,7.8,1046.8,33.36,1.36,0.96,1.58
2008/07/01 00:00,30.59,107.99,6.83,7.8,1011.5,33.51,1.37,0.94,1.56
2008/08/01 00:00,31.52,109.02,6.84,7.81,1089,34.15,1.41,0.86,1.47
2008/09/01 00:00,32.13,104.3,6.85,7.77,1206.3,33.78,1.43,0.8,1.44
2008/10/01 00:00,32.97,98.09,6.84,7.75,1279,35.02,1.48,0.67,1.28
2008/11/01 00:00,33.28,95.31,6.83,7.75,1468.9,35.46,1.51,0.66,1.29
2008/12/01 00:00,32.76,90.64,6.82,7.74,1254.4,34.72,1.43,0.7,1.38
2009/01/01 00:00,33.5,89.75,6.83,7.75,1379.4,34.96,1.51,0.64,1.28
2009/02/01 00:00,34.92,97.83,6.84,7.75,1537.8,36.12,1.55,0.64,1.26
2009/03/01 00:00,33.91,99.11,6.83,7.74,1372.3,35.41,1.52,0.69,1.33
2009/04/01 00:00,33.16,97.52,6.82,7.75,1292,35.27,1.48,0.73,1.33
2009/05/01 00:00,32.62,95.55,6.83,7.75,1244.5,34.31,1.45,0.8,1.41
2009/06/01 00:00,32.82,96.41,6.83,7.74,1266.1,34.05,1.45,0.81,1.4
2009/07/01 00:00,32.72,94.52,6.83,7.74,1222.2,34.01,1.43,0.83,1.43
2009/08/01 00:00,32.91,92.82,6.82,7.75,1241,34.01,1.44,0.84,1.43
2009/09/01 00:00,32.13,89.44,6.83,7.75,1175,33.46,1.41,0.88,1.46
2009/10/01 00:00,32.51,90.64,6.83,7.75,1182,33.42,1.4,0.9,1.47
2009/11/01 00:00,32.16,86.24,6.83,7.75,1162.8,33.21,1.38,0.91,1.5
2009/12/01 00:00,31.93,92.91,6.83,7.75,1168.5,33.3,1.4,0.9,1.43
2010/01/01 00:00,31.98,90.7,6.83,7.77,1159.1,33.15,1.4,0.89,1.39
2010/02/01 00:00,32.07,88.85,6.83,7.76,1161,33.02,1.4,0.89,1.36
2010/03/01 00:00,31.81,93.45,6.83,7.76,1131.7,32.36,1.4,0.92,1.35
2010/04/01 00:00,31.41,94.19,6.82,7.76,1109,32.33,1.37,0.93,1.33
2010/05/01 00:00,32.21,91.18,6.83,7.79,1202,32.51,1.4,0.84,1.23
2010/06/01 00:00,32.27,88.5,6.78,7.79,1220.8,32.4,1.4,0.85,1.23
2010/07/01 00:00,32.04,86.43,6.77,7.77,1183.5,32.23,1.36,0.91,1.31
2010/08/01 00:00,32.09,84.07,6.81,7.78,1198,31.27,1.35,0.89,1.27
2010/09/01 00:00,31.32,83.58,6.69,7.76,1140.1,30.32,1.32,0.96,1.36
2010/10/01 00:00,30.77,80.47,6.67,7.75,1125,29.93,1.29,0.98,1.39
2010/11/01 00:00,30.84,83.75,6.67,7.77,1160.7,30.18,1.32,0.96,1.3
2010/12/01 00:00,29.07,81.11,6.59,7.77,1119.6,30.01,1.28,1.03,1.34
2011/01/01 00:00,29.29,81.91,6.6,7.8,1119.1,30.85,1.28,1,1.37
2011/02/01 00:00,29.74,81.83,6.57,7.79,1125.2,30.58,1.27,1.02,1.38
2011/03/01 00:00,29.4,82.75,6.55,7.78,1099.3,30.24,1.26,1.04,1.42
2011/04/01 00:00,28.75,81.31,6.49,7.77,1068.4,29.86,1.22,1.09,1.48
2011/05/01 00:00,28.76,81.26,6.48,7.78,1079,30.31,1.23,1.07,1.44
2011/06/01 00:00,28.8,80.65,6.46,7.78,1067.7,30.7,1.23,1.07,1.45
2011/07/01 00:00,28.88,77.18,6.44,7.79,1054.6,29.74,1.2,1.1,1.44
2011/08/01 00:00,29,76.5,6.38,7.79,1064.9,29.94,1.2,1.07,1.44
2011/09/01 00:00,30.47,77.04,6.38,7.78,1180.9,31.15,1.3,0.97,1.34
2011/10/01 00:00,29.91,77.96,6.35,7.76,1112.6,30.66,1.25,1.06,1.39
2011/11/01 00:00,30.32,77.63,6.38,7.78,1141.1,30.87,1.28,1.03,1.35
2011/12/01 00:00,30.27,76.91,6.29,7.77,1158.6,31.52,1.3,1.02,1.3
2012/01/01 00:00,29.58,76.24,6.31,7.75,1126,30.98,1.26,1.06,1.31
2012/02/01 00:00,29.4,80.9,6.29,7.76,1117.1,30.4,1.25,1.08,1.34
2012/03/01 00:00,29.5,82.39,6.3,7.76,1132.4,30.81,1.26,1.04,1.33
2012/04/01 00:00,29.19,79.8,6.31,7.76,1131.3,30.73,1.24,1.04,1.32
2012/05/01 00:00,29.84,78.28,6.37,7.76,1180.2,31.83,1.29,0.97,1.24
2012/06/01 00:00,29.87,79.79,6.36,7.76,1142.4,31.56,1.27,1.02,1.27
2012/07/01 00:00,29.98,78.1,6.36,7.75,1131.1,31.49,1.24,1.05,1.23
2012/08/01 00:00,29.94,78.29,6.35,7.76,1134,31.24,1.25,1.03,1.26
2012/09/01 00:00,29.24,77.9,6.28,7.75,1114.5,30.81,1.23,1.04,1.29
2012/10/01 00:00,29.22,79.93,6.24,7.75,1091,30.68,1.22,1.04,1.3
2012/11/01 00:00,29.08,82.46,6.23,7.75,1083.1,30.7,1.22,1.04,1.3
2012/12/01 00:00,29.12,86.43,6.23,7.75,1064,30.59,1.22,1.04,1.32
2013/01/01 00:00,29.56,91.22,6.22,7.76,1087.6,29.82,1.24,1.04,1.36
2013/02/01 00:00,29.69,92.27,6.22,7.76,1084.8,29.75,1.24,1.02,1.31
2013/03/01 00:00,29.85,94.15,6.21,7.76,1111,29.28,1.24,1.04,1.28
2013/04/01 00:00,29.6,97.59,6.16,7.76,1103.1,29.28,1.23,1.04,1.32
2013/05/01 00:00,30.04,100.88,6.13,7.76,1130,30.36,1.26,0.96,1.3
2013/06/01 00:00,30.1,99.21,6.14,7.76,1142.1,31.1,1.27,0.92,1.3
2013/07/01 00:00,30.1,98.33,6.13,7.76,1124.4,31.33,1.27,0.9,1.33
2013/08/01 00:00,29.95,98.21,6.12,7.75,1110.2,32.12,1.28,0.89,1.32
2013/09/01 00:00,29.57,98.3,6.12,7.76,1076.5,31.23,1.25,0.93,1.35
2013/10/01 00:00,29.44,98.17,6.09,7.75,1064.6,31.05,1.24,0.95,1.36
2013/11/01 00:00,29.65,102.35,6.09,7.75,1057.3,32.05,1.25,0.91,1.36
2013/12/01 00:00,29.92,105.02,6.05,7.75,1052,32.61,1.26,0.89,1.38
2014/01/01 00:00,30.35,101.99,6.06,7.76,1084.9,33.02,1.28,0.87,1.35
2014/02/01 00:00,30.33,102.06,6.14,7.76,1068.1,32.59,1.27,0.89,1.38
2014/03/01 00:00,30.5,102.98,6.22,7.76,1061.8,32.41,1.26,0.93,1.38
2014/04/01 00:00,30.25,102.14,6.26,7.75,1032.1,32.34,1.26,0.93,1.39
2014/05/01 00:00,30.04,101.76,6.25,7.75,1019.6,32.83,1.25,0.93,1.36
2014/06/01 00:00,29.91,101.28,6.2,7.75,1012.5,32.31,1.25,0.94,1.37
2014/07/01 00:00,30.03,102.75,6.17,7.75,1031,32.17,1.25,0.93,1.34
2014/08/01 00:00,29.96,104,6.14,7.75,1012.8,31.9,1.25,0.93,1.31
2014/09/01 00:00,30.43,109.66,6.14,7.76,1058.8,32.42,1.28,0.87,1.26
2014/10/01 00:00,30.47,112.09,6.11,7.75,1071.8,32.6,1.29,0.88,1.25
2014/11/01 00:00,30.98,118.73,6.14,7.75,1109.7,32.83,1.3,0.85,1.25
2014/12/01 00:00,31.69,119.66,6.2,7.76,1091,32.87,1.32,0.82,1.21
2015/01/01 00:00,31.68,116.96,6.25,7.75,1101.5,32.67,1.35,0.78,1.13
2015/02/01 00:00,31.34,119.56,6.26,7.75,1099.2,32.32,1.36,0.78,1.12
2015/03/01 00:00,31.24,120.04,6.2,7.75,1108,32.53,1.37,0.76,1.07
2015/04/01 00:00,30.63,119.42,6.2,7.75,1074.65,33.01,1.32,0.79,1.12
2015/05/01 00:00,30.8,124.1,6.2,7.75,1111.5,33.68,1.35,0.76,1.1
2015/06/01 00:00,30.89,122.41,6.2,7.75,1117.8,33.79,1.35,0.77,1.11
2015/07/01 00:00,31.56,123.85,6.21,7.75,1160,35.13,1.37,0.73,1.1
2015/08/01 00:00,32.51,121.24,6.38,7.75,1182.45,35.8,1.41,0.71,1.12
2015/09/01 00:00,32.94,119.87,6.36,7.75,1184.6,36.37,1.42,0.7,1.12
2015/10/01 00:00,32.43,120.61,6.32,7.75,1140,35.57,1.4,0.71,1.1
2015/11/01 00:00,32.65,123.11,6.4,7.75,1158.2,35.84,1.41,0.72,1.06
2015/12/01 00:00,32.93,120.22,6.49,7.75,1177,35.96,1.42,0.73,1.09
2016/01/01 00:00,33.64,121.12,6.58,7.78,1208,35.68,1.42,0.71,1.08
2016/02/01 00:00,33.2,112.67,6.55,7.78,1237.45,35.58,1.41,0.71,1.09
2016/03/01 00:00,32.1,112.52,6.45,7.76,1139.25,35.14,1.35,0.77,1.14
2016/04/01 00:00,32.28,106.28,6.47,7.76,1145.55,34.89,1.34,0.76,1.14
2016/05/01 00:00,32.59,110.72,6.58,7.77,1189.05,35.75,1.38,0.72,1.11
2016/06/01 00:00,32.2,103.3,6.65,7.76,1151.6,35.15,1.35,0.74,1.11
2016/07/01 00:00,31.88,102.05,6.64,7.76,1112.05,34.79,1.34,0.76,1.12
2016/08/01 00:00,31.76,103.34,6.68,7.76,1115.6,34.63,1.36,0.75,1.12
2016/09/01 00:00,31.28,101.32,6.67,7.75,1098.3,34.63,1.36,0.77,1.12
2016/10/01 00:00,31.55,104.75,6.77,7.76,1145.05,34.98,1.39,0.76,1.1
2016/11/01 00:00,31.86,114.46,6.89,7.76,1176.75,35.69,1.43,0.74,1.06
2016/12/01 00:00,32.44,116.95,6.94,7.75,1205.75,35.84,1.45,0.72,1.05
2017/01/01 00:00,31.16,112.78,6.88,7.76,1150.29,35.08,1.41,0.76,1.08
2017/02/01 00:00,30.65,112.85,6.87,7.76,1136.49,34.91,1.4,0.76,1.06
2017/03/01 00:00,30.31,111.38,6.88,7.77,1116.15,34.33,1.4,0.76,1.07
2017/04/01 00:00,30.16,111.5,6.89,7.78,1136.37,34.57,1.4,0.75,1.09
2017/05/01 00:00,30.09,110.79,6.82,7.79,1118.17,34.03,1.38,0.74,1.12
2017/06/01 00:00,30.42,112.36,6.78,7.81,1143.93,33.91,1.38,0.77,1.14
2017/07/01 00:00,30.21,110.24,6.72,7.81,1118.01,33.27,1.35,0.8,1.18
2017/08/01 00:00,30.19,109.96,6.59,7.83,1123.02,33.16,1.36,0.79,1.19
2017/09/01 00:00,30.31,112.43,6.65,7.81,1143.79,33.31,1.36,0.78,1.18
2017/10/01 00:00,30.17,113.65,6.63,7.8,1116.93,33.21,1.36,0.77,1.16
2017/11/01 00:00,29.98,112.53,6.61,7.81,1086.63,32.63,1.35,0.76,1.19
2017/12/01 00:00,29.66,112.66,6.51,7.81,1065.87,32.59,1.34,0.78,1.2
2018/01/01 00:00,29.16,109.18,6.28,7.82,1068.58,31.33,1.31,0.81,1.24
2018/02/01 00:00,29.33,106.67,6.33,7.83,1083.71,31.47,1.32,0.78,1.22
2018/03/01 00:00,29.08,106.26,6.27,7.85,1060.25,31.18,1.31,0.77,1.23
2018/04/01 00:00,29.62,109.33,6.33,7.85,1069.33,31.54,1.33,0.75,1.21
2018/05/01 00:00,29.97,108.81,6.41,7.84,1079.59,32.05,1.34,0.76,1.17
2018/06/01 00:00,30.46,110.66,6.62,7.85,1113.91,33.02,1.36,0.74,1.17
2018/07/01 00:00,30.57,111.86,6.8,7.85,1112.25,33.19,1.36,0.74,1.17
2018/08/01 00:00,30.67,111.02,6.83,7.85,1115.46,32.75,1.37,0.72,1.16
2018/09/01 00:00,30.45,113.68,6.87,7.83,1109.98,32.32,1.37,0.72,1.16
2018/10/01 00:00,30.93,112.93,6.97,7.84,1141.02,33.11,1.39,0.71,1.13
2018/11/01 00:00,30.85,113.46,6.96,7.82,1119.44,32.96,1.37,0.73,1.13
2018/12/01 00:00,30.56,109.56,6.88,7.83,1113.3,32.33,1.36,0.7,1.15
2019/01/01 00:00,30.69,108.87,6.7,7.85,1111.4,31.2,1.35,0.73,1.14
2019/02/01 00:00,30.82,111.37,6.69,7.85,1124.6,31.57,1.35,0.71,1.14
2019/03/01 00:00,30.84,110.84,6.71,7.85,1136.1,31.72,1.36,0.71,1.12
2019/04/01 00:00,30.89,111.41,6.73,7.84,1163.25,31.89,1.36,0.7,1.12
2019/05/01 00:00,31.52,108.26,6.9,7.84,1187.8,31.52,1.37,0.69,1.12
2019/06/01 00:00,30.96,107.88,6.87,7.81,1155.38,30.68,1.35,0.7,1.14
2019/07/01 00:00,31.15,108.74,6.88,7.83,1187.32,30.7,1.37,0.68,1.11
2019/08/01 00:00,31.32,106.29,7.15,7.84,1209.5,30.6,1.39,0.67,1.1
2019/09/01 00:00,31.04,108.06,7.15,7.84,1198.09,30.59,1.38,0.67,1.09
2019/10/01 00:00,30.48,108.02,7.04,7.84,1169.24,30.18,1.36,0.69,1.12
2019/11/01 00:00,30.51,109.51,7.03,7.83,1180.7,30.19,1.37,0.68,1.1
2019/12/01 00:00,29.91,108.61,6.96,7.79,1154.07,29.76,1.34,0.7,1.12
2020/01/01 00:00,30.35,108.38,6.94,7.76,1194.97,31.2,1.36,0.67,1.11
2020/02/01 00:00,30.12,108.07,6.99,7.79,1200.2,31.51,1.39,0.65,1.1
2020/03/01 00:00,30.27,107.53,7.08,7.75,1218.3,32.74,1.42,0.61,1.1
2020/04/01 00:00,29.78,107.17,7.06,7.75,1212.94,32.45,1.41,0.65,1.1
2020/05/01 00:00,29.94,107.8,7.13,7.75,1231.49,31.81,1.41,0.67,1.11
2020/06/01 00:00,29.41,107.92,7.07,7.75,1199.28,30.9,1.39,0.69,1.12
2020/07/01 00:00,29.34,105.88,6.97,7.75,1193.59,31.25,1.37,0.71,1.18
2020/08/01 00:00,29.37,105.89,6.85,7.75,1187.94,31.07,1.36,0.74,1.19
2020/09/01 00:00,28.92,105.45,6.79,7.75,1164.65,31.6,1.37,0.72,1.17
2020/10/01 00:00,28.58,104.64,6.69,7.75,1136.49,31.14,1.37,0.7,1.16
2020/11/01 00:00,28.58,104.27,6.58,7.75,1109.32,30.28,1.34,0.73,1.19
2020/12/01 00:00,28.08,103.24,6.53,7.75,1084.47,30.04,1.32,0.77,1.22
2021/01/01 00:00,28,104.68,6.43,7.75,1117.64,29.86,1.33,0.76,1.21
2021/02/01 00:00,27.87,106.58,6.47,7.76,1123.89,30.47,1.33,0.77,1.21
2021/03/01 00:00,28.44,110.7,6.55,7.77,1127.17,31.24,1.34,0.76,1.17
2021/04/01 00:00,27.85,109.27,6.47,7.77,1117.16,31.14,1.33,0.77,1.2
2021/05/01 00:00,27.52,109.54,6.37,7.76,1106.58,31.19,1.32,0.77,1.22
2021/06/01 00:00,27.91,111.1,6.46,7.76,1130.48,32.02,1.35,0.75,1.19
2021/07/01 00:00,27.93,109.7,6.46,7.77,1151.41,32.89,1.35,0.73,1.19
2021/08/01 00:00,27.65,110.02,6.46,7.78,1158.73,32.22,1.34,0.73,1.18
2021/09/01 00:00,27.81,111.27,6.45,7.79,1184.23,33.67,1.36,0.72,1.16
2021/10/01 00:00,27.82,114,6.41,7.78,1174.47,33.29,1.35,0.75,1.16
2021/11/01 00:00,27.63,113.13,6.36,7.8,1182.71,33.71,1.36,0.71,1.13
2021/12/01 00:00,27.71,115.08,6.35,7.8,1187.96,33.23,1.35,0.73,1.14
2022/01/01 00:00,27.77,115.1,6.36,7.8,1204.63,33.22,1.35,0.71,1.12
2022/02/01 00:00,28,114.99,6.31,7.81,1200.12,32.67,1.35,0.73,1.12
2022/03/01 00:00,28.63,121.66,6.34,7.83,1214.17,33.28,1.35,0.75,1.11
2022/04/01 00:00,29.44,129.83,6.61,7.85,1263.03,34.24,1.38,0.71,1.05
2022/05/01 00:00,29.03,128.68,6.67,7.85,1242.26,34.3,1.37,0.72,1.07
2022/06/01 00:00,29.71,135.73,6.7,7.85,1287.51,35.3,1.39,0.69,1.05
2022/07/01 00:00,30,133.19,6.74,7.85,1302.97,36.29,1.38,0.7,1.02
2022/08/01 00:00,30.39,138.96,6.89,7.85,1341.19,36.52,1.4,0.68,1.01
2022/09/01 00:00,31.8,144.75,7.11,7.85,1439.96,37.77,1.43,0.64,0.98
2022/10/01 00:00,32.24,148.71,7.3,7.85,1425.83,38.05,1.42,0.64,0.99
2022/11/01 00:00,30.8,138.03,7.09,7.81,1301.65,35.11,1.36,0.68,1.04
2022/12/01 00:00,30.58,131.11,6.9,7.81,1260.92,34.61,1.34,0.68,1.07
2023/01/01 00:00,29.99,130.09,6.75,7.84,1233.3,32.84,1.31,0.71,1.09
2023/02/01 00:00,30.72,136.2,6.93,7.85,1323.02,35.22,1.35,0.67,1.06
2023/03/01 00:00,30.54,132.79,6.87,7.85,1306.11,34.16,1.33,0.67,1.08
2023/04/01 00:00,30.74,136.28,6.91,7.85,1337.78,34.12,1.33,0.66,1.1
2023/05/01 00:00,30.69,139.34,7.11,7.83,1320.56,34.64,1.35,0.65,1.07
2023/06/01 00:00,31.13,144.32,7.25,7.84,1315.11,35.27,1.35,0.67,1.09
2023/07/01 00:00,31.43,142.28,7.14,7.8,1277.86,34.21,1.33,0.67,1.1
2023/08/01 00:00,31.84,145.53,7.26,7.84,1325.14,34.98,1.35,0.65,1.08
2023/09/01 00:00,32.23,149.35,7.3,7.83,1352.31,36.51,1.37,0.64,1.06
2023/10/01 00:00,32.47,151.67,7.32,7.82,1352.15,36.14,1.37,0.63,1.06
2023/11/01 00:00,31.36,148.19,7.14,7.81,1299.35,35.31,1.34,0.66,1.09
2023/12/01 00:00,30.68,141.06,7.1,7.81,1294.4,34.35,1.32,0.68,1.1
2024/01/01 00:00,31.22,146.88,7.17,7.82,1333.59,35.53,1.34,0.66,1.08
2024/02/01 00:00,31.63,149.98,7.19,7.83,1334.78,35.88,1.35,0.65,1.08
2024/03/01 00:00,31.94,151.31,7.22,7.83,1345.09,36.37,1.35,0.65,1.08
2024/04/01 00:00,32.6,157.8,7.24,7.82,1385.38,37.18,1.37,0.65,1.07
2024/05/01 00:00,32.47,157.31,7.24,7.82,1381.68,36.77,1.35,0.67,1.08
2024/06/01 00:00,32.43,160.92,7.27,7.81,1381.4,36.7,1.36,0.67,1.07
2024/07/01 00:00,32.84,150.08,7.22,7.81,1369.1,35.53,1.34,0.65,1.08
2024/08/01 00:00,31.94,146.13,7.09,7.8,1337.2,33.99,1.3,0.68,1.11
2024/09/01 00:00,31.72,143.65,7.02,7.77,1316.98,32.35,1.28,0.69,1.11
2024/10/01 00:00,31.91,152.03,7.12,7.77,1372.9,33.76,1.32,0.66,1.09
2024/11/01 00:00,32.42,149.57,7.25,7.78,1394.67,34.27,1.34,0.65,1.06
2024/12/01 00:00,32.79,157.18,7.3,7.77,1476.78,34.27,1.37,0.62,1.04
2025/01/01 00:00,32.94,155.18,7.25,7.79,1455.62,33.7,1.36,0.62,1.04
2025/02/01 00:00,32.91,150.6,7.28,7.78,1460.08,34.21,1.35,0.62,1.04
2025/03/01 00:00,33.25,149.9,7.26,7.78,1472.05,33.93,1.34,0.63,1.08
2025/04/01 00:00,32.03,142.98,7.27,7.76,1423.71,33.38,1.31,0.64,1.13
2025/05/01 00:00,29.9,144.04,7.2,7.84,1381.99,32.85,1.29,0.64,1.13
2025/06/01 00:00,29.15,144.03,7.16,7.85,1353.72,32.47,1.27,0.66,1.18
2025/07/01 00:00,29.9,150.73,7.2,7.85,1392.58,32.74,1.3,0.64,1.14
2025/08/01 00:00,30.56,147.04,7.13,7.8,1388.81,32.28,1.28,0.65,1.17
2025/09/01 00:00,30.72,148,7.14,7.8,1389.29,32.27,1.29,0.65,1.17